code,url,creator,created_t,created_datetime,last_modified_t,last_modified_datetime,last_modified_by,last_updated_t,last_updated_datetime,product_name,abbreviated_product_name,generic_name,quantity,packaging,packaging_tags,packaging_en,packaging_text,brands,brands_tags,brands_en,categories,categories_tags,categories_en,origins,origins_tags,origins_en,manufacturing_places,manufacturing_places_tags,labels,labels_tags,labels_en,emb_codes,emb_codes_tags,first_packaging_code_geo,cities,cities_tags,purchase_places,stores,countries,countries_tags,countries_en,ingredients_text,ingredients_tags,ingredients_analysis_tags,allergens,allergens_en,traces,traces_tags,traces_en,serving_size,serving_quantity,no_nutrition_data,additives_n,additives,additives_tags,additives_en,nutriscore_score,nutriscore_grade,nova_group,pnns_groups_1,pnns_groups_2,food_groups,food_groups_tags,food_groups_en,states,states_tags,states_en,brand_owner,environmental_score_score,environmental_score_grade,nutrient_levels_tags,product_quantity,owner,data_quality_errors_tags,unique_scans_n,popularity_tags,completeness,last_image_t,last_image_datetime,main_category,main_category_en,image_url,image_small_url,image_ingredients_url,image_ingredients_small_url,image_nutrition_url,image_nutrition_small_url,energy-kj_100g,energy-kcal_100g,energy_100g,energy-from-fat_100g,fat_100g,saturated-fat_100g,butyric-acid_100g,caproic-acid_100g,caprylic-acid_100g,capric-acid_100g,lauric-acid_100g,myristic-acid_100g,palmitic-acid_100g,stearic-acid_100g,arachidic-acid_100g,behenic-acid_100g,lignoceric-acid_100g,cerotic-acid_100g,montanic-acid_100g,melissic-acid_100g,unsaturated-fat_100g,monounsaturated-fat_100g,omega-9-fat_100g,polyunsaturated-fat_100g,omega-3-fat_100g,omega-6-fat_100g,alpha-linolenic-acid_100g,eicosapentaenoic-acid_100g,docosahexaenoic-acid_100g,linoleic-acid_100g,arachidonic-acid_100g,gamma-linolenic-acid_100g,dihomo-gamma-linolenic-acid_100g,oleic-acid_100g,elaidic-acid_100g,gondoic-acid_100g,mead-acid_100g,erucic-acid_100g,nervonic-acid_100g,trans-fat_100g,cholesterol_100g,carbohydrates_100g,sugars_100g,added-sugars_100g,sucrose_100g,glucose_100g,fructose_100g,galactose_100g,lactose_100g,maltose_100g,maltodextrins_100g,psicose_100g,starch_100g,polyols_100g,erythritol_100g,isomalt_100g,maltitol_100g,sorbitol_100g,fiber_100g,soluble-fiber_100g,polydextrose_100g,insoluble-fiber_100g,proteins_100g,casein_100g,serum-proteins_100g,nucleotides_100g,salt_100g,added-salt_100g,sodium_100g,alcohol_100g,vitamin-a_100g,beta-carotene_100g,vitamin-d_100g,vitamin-e_100g,vitamin-k_100g,vitamin-c_100g,vitamin-b1_100g,vitamin-b2_100g,vitamin-pp_100g,vitamin-b6_100g,vitamin-b9_100g,folates_100g,vitamin-b12_100g,biotin_100g,pantothenic-acid_100g,silica_100g,bicarbonate_100g,potassium_100g,chloride_100g,calcium_100g,phosphorus_100g,iron_100g,magnesium_100g,zinc_100g,copper_100g,manganese_100g,fluoride_100g,selenium_100g,chromium_100g,molybdenum_100g,iodine_100g,caffeine_100g,taurine_100g,methylsulfonylmethane_100g,ph_100g,fruits-vegetables-legumes_100g,collagen-meat-protein-ratio_100g,cocoa_100g,chlorophyl_100g,carbon-footprint_100g,glycemic-index_100g,water-hardness_100g,choline_100g,phylloquinone_100g,beta-glucan_100g,inositol_100g,carnitine_100g,sulphate_100g,nitrate_100g,acidity_100g,carbohydrates-total_100g,water_100g
00000123,http://world-en.openfoodfacts.org/product/00000123/sauce-sweety-chili-0,kiliweb,1535737982,2018-08-31T17:53:02Z,1737624543,2025-01-23T09:29:03Z,aura81,1740359635,2025-02-24T01:13:55Z,Sauce Sweety chili 0%,,,,,,,,,,,,,,,,,,,en:eu-organic,"en:organic,en:eu-organic","Organic,EU Organic",,,,,,,REWE,France,en:france,France,,,,,,,,,,,,,,,,,unknown,,unknown,unknown,,,,"en:to-be-completed, en:nutrition-facts-completed, en:ingredients-to-be-completed, en:expiration-date-to-be-completed, en:packaging-code-to-be-completed, en:characteristics-to-be-completed, en:origins-to-be-completed, en:categories-to-be-completed, en:brands-to-be-completed, en:packaging-to-be-completed, en:quantity-to-be-completed, en:product-name-completed, en:photos-to-be-validated, en:packaging-photo-to-be-selected, en:nutrition-photo-selected, en:ingredients-photo-selected, en:front-photo-selected, en:photos-uploaded","en:to-be-completed,en:nutrition-facts-completed,en:ingredients-to-be-completed,en:expiration-date-to-be-completed,en:packaging-code-to-be-completed,en:characteristics-to-be-completed,en:origins-to-be-completed,en:categories-to-be-completed,en:brands-to-be-completed,en:packaging-to-be-completed,en:quantity-to-be-completed,en:product-name-completed,en:photos-to-be-validated,en:packaging-photo-to-be-selected,en:nutrition-photo-selected,en:ingredients-photo-selected,en:front-photo-selected,en:photos-uploaded","To be completed,Nutrition facts completed,Ingredients to be completed,Expiration date to be completed,Packaging code to be completed,Characteristics to be completed,Origins to be completed,Categories to be completed,Brands to be completed,Packaging to be completed,Quantity to be completed,Product name completed,Photos to be validated,Packaging photo to be selected,Nutrition photo selected,Ingredients photo selected,Front photo selected,Photos uploaded",,,unknown,,,,,1,"top-75-percent-scans-2022,top-80-percent-scans-2022,top-85-percent-scans-2022,top-90-percent-scans-2022,top-50000-us-scans-2022,top-100000-us-scans-2022,top-country-us-scans-2022,top-75-percent-scans-2023,top-80-percent-scans-2023,top-85-percent-scans-2023,top-90-percent-scans-2023,top-50000-gb-scans-2023,top-100000-gb-scans-2023,top-country-gb-scans-2023,top-75-percent-scans-2024,top-80-percent-scans-2024,top-85-percent-scans-2024,top-90-percent-scans-2024,top-country-fr-scans-2024",0.2875,1737406992,2025-01-20T21:03:12Z,,,https://images.openfoodfacts.org/images/products/invalid/front_de.14.400.jpg,https://images.openfoodfacts.org/images/products/invalid/front_de.14.200.jpg,https://images.openfoodfacts.org/images/products/invalid/ingredients_de.18.400.jpg,https://images.openfoodfacts.org/images/products/invalid/ingredients_de.18.200.jpg,https://images.openfoodfacts.org/images/products/invalid/nutrition_de.20.400.jpg,https://images.openfoodfacts.org/images/products/invalid/nutrition_de.20.200.jpg,,,,,,,,,,,,,,,,,,,,,,,,,,,,,,,,,,,,,,,,,,,,,,,,,,,,,,,,,,,,,,,,,,,,,,,,,,,,,,,,,,,,,,,,,,,,,,,,,,,,,,,,,,,,,,,,,,,,,,,,,,
0000705520537,http://world-en.openfoodfacts.org/product/0000705520537/ja,insectproductadd,1694096368,2023-09-07T14:19:28Z,1769552761,2026-01-27T22:26:01Z,derthas,1769552761,2026-01-27T22:26:01Z,,,,1000 g,,,,,ja!,xx:ja,ja,,,,,,,,,,,,,,,,,,REWE,Deutschland,en:germany,Germany,"Roggenmehl 47%, Weizenmehl 45%, getrockneter Sauerteig (Roggenmehl, natürlich fermentiert), jodiertes Speisesalz (Speisesalz, Kaliumjodat), Trockenhefe 2%, Traubenzucker, Gerstenmalzmehl, Säuerungsmittel (Äpfelsäure) Malzextrakt (Gerste, Roggen), Mehlbehand - lungsmittel (Ascorbinsäure). Kann Spuren von Milch, Ei, Sesam, Soja und Lupinen enthalten. Durchschnittliche Nährwerte Energie Fett","en:rye-flour,en:flour,en:cereal-flour,en:wheat-flour,en:cereal,en:wheat,en:sourdough,en:dough,en:iodised-salt,en:salt,bg:суха-мая,en:yeast,en:grape-sugar,en:added-sugar,en:monosaccharide,en:glucose,en:barley-malt-flour,en:barley,en:barley-flour,en:acid,en:malt-extract,en:extract,en:malt,en:vegetable-extract,de:mehlbehand,de:lungsmittel,de:durchschnittliche-nährwerte-energie-fett,de:natürlich-fermentiert,en:e917,en:e296,en:rye,en:e300","en:palm-oil-free,en:vegan-status-unknown,en:vegetarian-status-unknown",en:gluten,,"en:eggs,en:lupin,en:milk,en:sesame-seeds,en:soybeans","en:eggs,en:lupin,en:milk,en:sesame-seeds,en:soybeans","Eggs,Lupin,Milk,Sesame seeds,Soybeans",,,,1,,en:e300,E300 - Ascorbic acid,,unknown,4,unknown,unknown,,,,"en:to-be-completed, en:nutrition-facts-to-be-completed, en:ingredients-completed, en:expiration-date-to-be-completed, en:packaging-code-to-be-completed, en:characteristics-to-be-completed, en:origins-to-be-completed, en:categories-to-be-completed, en:brands-completed, en:packaging-to-be-completed, en:quantity-completed, en:product-name-to-be-completed, en:photos-to-be-validated, en:packaging-photo-to-be-selected, en:nutrition-photo-selected, en:ingredients-photo-selected, en:front-photo-to-be-selected, en:photos-uploaded","en:to-be-completed,en:nutrition-facts-to-be-completed,en:ingredients-completed,en:expiration-date-to-be-completed,en:packaging-code-to-be-completed,en:characteristics-to-be-completed,en:origins-to-be-completed,en:categories-to-be-completed,en:brands-completed,en:packaging-to-be-completed,en:quantity-completed,en:product-name-to-be-completed,en:photos-to-be-validated,en:packaging-photo-to-be-selected,en:nutrition-photo-selected,en:ingredients-photo-selected,en:front-photo-to-be-selected,en:photos-uploaded","To be completed,Nutrition facts to be completed,Ingredients completed,Expiration date to be completed,Packaging code to be completed,Characteristics to be completed,Origins to be completed,Categories to be completed,Brands completed,Packaging to be completed,Quantity completed,Product name to be completed,Photos to be validated,Packaging photo to be selected,Nutrition photo selected,Ingredients photo selected,Front photo to be selected,Photos uploaded",,,unknown,,1000,,,,,0.375,1694096368,2023-09-07T14:19:28Z,,,,,https://images.openfoodfacts.org/images/products/000/070/552/0537/ingredients_de.3.400.jpg,https://images.openfoodfacts.org/images/products/000/070/552/0537/ingredients_de.3.200.jpg,https://images.openfoodfacts.org/images/products/000/070/552/0537/nutrition_de.6.400.jpg,https://images.openfoodfacts.org/images/products/000/070/552/0537/nutrition_de.6.200.jpg,,,,,,,,,,,,,,,,,,,,,,,,,,,,,,,,,,,,,,,,,,,,,,,,,,,,,,,,,,,,,,,,,,,,,,,,,,,,,,,,,,,,,,,,,,,,,,,,,,,,,,,,,,,,,,,,,,,,,,,,,,
0002167861380,http://world-en.openfoodfacts.org/product/0002167861380,smoothie-app,1711030024,2024-03-21T14:07:04Z,1728046136,2024-10-04T12:48:56Z,fix-code-bot,1740132422,2025-02-21T10:07:02Z,,,,,,,,,,,,,,,,,,,,Nutriscore,en:nutriscore,Nutriscore,,,,,,,REWE,en:Germany,en:germany,Germany,,,,,,,,,,,,,,,,,unknown,,unknown,unknown,,,,"en:to-be-completed, en:nutrition-facts-to-be-completed, en:ingredients-to-be-completed, en:expiration-date-to-be-completed, en:packaging-code-to-be-completed, en:characteristics-to-be-completed, en:origins-to-be-completed, en:categories-to-be-completed, en:brands-to-be-completed, en:packaging-to-be-completed, en:quantity-to-be-completed, en:product-name-to-be-completed, en:photos-to-be-validated, en:packaging-photo-to-be-selected, en:nutrition-photo-selected, en:ingredients-photo-selected, en:front-photo-selected, en:photos-uploaded","en:to-be-completed,en:nutrition-facts-to-be-completed,en:ingredients-to-be-completed,en:expiration-date-to-be-completed,en:packaging-code-to-be-completed,en:characteristics-to-be-completed,en:origins-to-be-completed,en:categories-to-be-completed,en:brands-to-be-completed,en:packaging-to-be-completed,en:quantity-to-be-completed,en:product-name-to-be-completed,en:photos-to-be-validated,en:packaging-photo-to-be-selected,en:nutrition-photo-selected,en:ingredients-photo-selected,en:front-photo-selected,en:photos-uploaded","To be completed,Nutrition facts to be completed,Ingredients to be completed,Expiration date to be completed,Packaging code to be completed,Characteristics to be completed,Origins to be completed,Categories to be completed,Brands to be completed,Packaging to be completed,Quantity to be completed,Product name to be completed,Photos to be validated,Packaging photo to be selected,Nutrition photo selected,Ingredients photo selected,Front photo selected,Photos uploaded",,,unknown,,,,,1,"top-75-percent-scans-2024,top-80-percent-scans-2024,top-85-percent-scans-2024,top-90-percent-scans-2024,top-50000-de-scans-2024,top-100000-de-scans-2024,top-country-de-scans-2024",0.0875,1711030084,2024-03-21T14:08:04Z,,,https://images.openfoodfacts.org/images/products/000/216/786/1380/front_de.3.400.jpg,https://images.openfoodfacts.org/images/products/000/216/786/1380/front_de.3.200.jpg,https://images.openfoodfacts.org/images/products/000/216/786/1380/ingredients_de.5.400.jpg,https://images.openfoodfacts.org/images/products/000/216/786/1380/ingredients_de.5.200.jpg,https://images.openfoodfacts.org/images/products/000/216/786/1380/nutrition_de.7.400.jpg,https://images.openfoodfacts.org/images/products/000/216/786/1380/nutrition_de.7.200.jpg,,,,,,,,,,,,,,,,,,,,,,,,,,,,,,,,,,,,,,,,,,,,,,,,,,,,,,,,,,,,,,,,,,,,,,,,,,,,,,,,,,,,,,,,,,,,,,,,,,,,,,,,,,,,,,,,,,,,,,,,,,
00028231,http://world-en.openfoodfacts.org/product/00028231/rewe-beste-wahl,shisma,1616518405,2021-03-23T16:53:25Z,1774549372,2026-03-26T18:22:52Z,new-nutrition-bot,1774549372,2026-03-26T18:22:52Z,,,,450g,,,,,"REWE Beste Wahl, Rewe","xx:rewe-beste-wahl,xx:rewe","rewe-beste-wahl,rewe","Pflanzliche Lebensmittel und Getränke, Pflanzliche Lebensmittel, Frucht- und gemüsebasierte Lebensmittel, Gemüsebasierte Lebensmittel, Gemüse, Blattgemüse, Spinat","en:plant-based-foods-and-beverages,en:plant-based-foods,en:fruits-and-vegetables-based-foods,en:vegetables-based-foods,en:vegetables,en:leaf-vegetables,en:spinachs","Plant-based foods and beverages,Plant-based foods,Fruits and vegetables based foods,Vegetables based foods,Vegetables,Leaf vegetables,Spinachs",,,,,,"Nutriscore, Nutriscore Note A","en:nutriscore,en:nutriscore-grade-a","Nutriscore,Nutriscore Grade A",,,,,,,REWE,en:Germany,en:germany,Germany,"Junger Spinat gehackt, in Portionen, tiefgefroren.","de:junger-spinat-gehackt,de:in-portionen,de:tiefgefroren","en:palm-oil-content-unknown,en:vegan-status-unknown,en:vegetarian-status-unknown",,,,,,150g,150,,0,,,,,unknown,,Fruits and vegetables,Vegetables,en:vegetables,"en:fruits-and-vegetables,en:vegetables","Fruits and vegetables,Vegetables","en:to-be-completed, en:nutrition-facts-completed, en:ingredients-completed, en:expiration-date-to-be-completed, en:packaging-code-to-be-completed, en:characteristics-to-be-completed, en:origins-to-be-completed, en:categories-completed, en:brands-completed, en:packaging-to-be-completed, en:quantity-completed, en:product-name-to-be-completed, en:photos-to-be-validated, en:packaging-photo-to-be-selected, en:nutrition-photo-selected, en:ingredients-photo-selected, en:front-photo-to-be-selected, en:photos-uploaded","en:to-be-completed,en:nutrition-facts-completed,en:ingredients-completed,en:expiration-date-to-be-completed,en:packaging-code-to-be-completed,en:characteristics-to-be-completed,en:origins-to-be-completed,en:categories-completed,en:brands-completed,en:packaging-to-be-completed,en:quantity-completed,en:product-name-to-be-completed,en:photos-to-be-validated,en:packaging-photo-to-be-selected,en:nutrition-photo-selected,en:ingredients-photo-selected,en:front-photo-to-be-selected,en:photos-uploaded","To be completed,Nutrition facts completed,Ingredients completed,Expiration date to be completed,Packaging code to be completed,Characteristics to be completed,Origins to be completed,Categories completed,Brands completed,Packaging to be completed,Quantity completed,Product name to be completed,Photos to be validated,Packaging photo to be selected,Nutrition photo selected,Ingredients photo selected,Front photo to be selected,Photos uploaded",,79,a,"en:fat-in-low-quantity,en:sugars-in-low-quantity,en:salt-in-low-quantity",450,,,1,"bottom-25-percent-scans-2021,top-80-percent-scans-2021,top-85-percent-scans-2021,top-90-percent-scans-2021,top-50000-de-scans-2021,top-100000-de-scans-2021,top-country-de-scans-2021",0.575,1616518469,2021-03-23T16:54:29Z,en:spinachs,Spinachs,https://images.openfoodfacts.org/images/products/000/000/002/8231/front_en.4.400.jpg,https://images.openfoodfacts.org/images/products/000/000/002/8231/front_en.4.200.jpg,https://images.openfoodfacts.org/images/products/000/000/002/8231/ingredients_de.7.400.jpg,https://images.openfoodfacts.org/images/products/000/000/002/8231/ingredients_de.7.200.jpg,https://images.openfoodfacts.org/images/products/000/000/002/8231/nutrition_de.10.400.jpg,https://images.openfoodfacts.org/images/products/000/000/002/8231/nutrition_de.10.200.jpg,90.2,21.4,90.2,,0.6,,,,,,,,,,,,,,,,,,,,,,,,,,,,,,,,,,,,,2,0,0,,,,,,,,,,,,,,,,,,,2,,,,0.1,,0.04,,,,,,,,,,,,,,,,,,,,,,,,,,,,,,,,,,,,,0,,,,,,,,,,,,,,,,
00056318,http://world-en.openfoodfacts.org/product/00056318/erdbeer-tonka-eis-mit-erdbeer-sauce-eiskramer,hgs,1668947286,2022-11-20T12:28:06Z,1728053579,2024-10-04T14:52:59Z,fix-code-bot,1743624090,2025-04-02T20:01:30Z,Erdbeer-Tonka-Eis mit Erdbeer-Sauce,,,130ml,1xPappbecher kompostierbar,de:1xpappbecher-kompostierbar,de:1xpappbecher-kompostierbar,,Eiskrämer,xx:eiskramer,eiskramer,,,,Italien,en:italy,Italy,,,,,,,,,,,,rewe,en:Germany,en:germany,Germany,"Erdbeeren (49%), Wasser, Zucker, Glukose, Inulin, Himbeer, Traubenzucker, Fruchtsäure, Pektin, Johannisbrotkernmehl, Guarkernmehl, Tonkabohne (0,08%)","en:strawberry,en:fruit,en:berries,en:water,en:sugar,en:added-sugar,en:disaccharide,en:glucose,en:monosaccharide,en:inulin,en:fiber,en:vegetable-fiber,de:himbeer,en:grape-sugar,de:fruchtsäure,en:e440a,en:carob-seed-flour,en:flour,en:vegetable,en:legume,en:pulse,en:carob-bean-locust-bean,en:e412,en:tonka-bean","en:palm-oil-free,en:vegan-status-unknown,en:vegetarian-status-unknown",,,,,,,,,2,,"en:e412,en:e440","E412 - Guar gum,E440 - Pectins",,unknown,4,unknown,unknown,,,,"en:to-be-completed, en:nutrition-facts-to-be-completed, en:ingredients-completed, en:expiration-date-to-be-completed, en:packaging-code-to-be-completed, en:characteristics-to-be-completed, en:origins-completed, en:categories-to-be-completed, en:brands-completed, en:packaging-completed, en:quantity-completed, en:product-name-completed, en:photos-validated, en:packaging-photo-selected, en:nutrition-photo-selected, en:ingredients-photo-selected, en:front-photo-selected, en:photos-uploaded","en:to-be-completed,en:nutrition-facts-to-be-completed,en:ingredients-completed,en:expiration-date-to-be-completed,en:packaging-code-to-be-completed,en:characteristics-to-be-completed,en:origins-completed,en:categories-to-be-completed,en:brands-completed,en:packaging-completed,en:quantity-completed,en:product-name-completed,en:photos-validated,en:packaging-photo-selected,en:nutrition-photo-selected,en:ingredients-photo-selected,en:front-photo-selected,en:photos-uploaded","To be completed,Nutrition facts to be completed,Ingredients completed,Expiration date to be completed,Packaging code to be completed,Characteristics to be completed,Origins completed,Categories to be completed,Brands completed,Packaging completed,Quantity completed,Product name completed,Photos validated,Packaging photo selected,Nutrition photo selected,Ingredients photo selected,Front photo selected,Photos uploaded",,,unknown,,130,,,1,"bottom-25-percent-scans-2022,top-80-percent-scans-2022,top-85-percent-scans-2022,top-90-percent-scans-2022,top-50000-de-scans-2022,top-100000-de-scans-2022,top-country-de-scans-2022,top-75-percent-scans-2024,top-80-percent-scans-2024,top-85-percent-scans-2024,top-90-percent-scans-2024,top-100000-de-scans-2024,top-country-de-scans-2024",0.7,1668947423,2022-11-20T12:30:23Z,,,https://images.openfoodfacts.org/images/products/000/000/005/6318/front_de.3.400.jpg,https://images.openfoodfacts.org/images/products/000/000/005/6318/front_de.3.200.jpg,https://images.openfoodfacts.org/images/products/000/000/005/6318/ingredients_de.7.400.jpg,https://images.openfoodfacts.org/images/products/000/000/005/6318/ingredients_de.7.200.jpg,https://images.openfoodfacts.org/images/products/000/000/005/6318/nutrition_de.5.400.jpg,https://images.openfoodfacts.org/images/products/000/000/005/6318/nutrition_de.5.200.jpg,,,,,,,,,,,,,,,,,,,,,,,,,,,,,,,,,,,,,,,,,,,,,,,,,,,,,,,,,,,,,,,,,,,,,,,,,,,,,,,,,,,,,,,,,,,,,,,,,,,,,,,,,,,,,,,,,,,,,,,,,,
0006012358452,http://world-en.openfoodfacts.org/product/0006012358452/high-protein-quark-rewe-beste-wahl,kiliweb,1651738460,2022-05-05T08:14:20Z,1774545009,2026-03-26T17:10:09Z,new-nutrition-bot,1774545009,2026-03-26T17:10:09Z,High Protein quark,,,,,,,,REWE Beste Wahl,xx:rewe-beste-wahl,rewe-beste-wahl,,,,,,,,,Sans sucre ajouté,en:no-added-sugar,No added sugar,,,,,,,REWE,en:fr,en:france,France,,,,,,,,,,,,,,,,,unknown,,unknown,unknown,,,,"en:to-be-completed, en:nutrition-facts-completed, en:ingredients-to-be-completed, en:expiration-date-completed, en:packaging-code-to-be-completed, en:characteristics-to-be-completed, en:origins-to-be-completed, en:categories-to-be-completed, en:brands-completed, en:packaging-to-be-completed, en:quantity-to-be-completed, en:product-name-completed, en:photos-to-be-validated, en:packaging-photo-to-be-selected, en:nutrition-photo-selected, en:ingredients-photo-to-be-selected, en:front-photo-selected, en:photos-uploaded","en:to-be-completed,en:nutrition-facts-completed,en:ingredients-to-be-completed,en:expiration-date-completed,en:packaging-code-to-be-completed,en:characteristics-to-be-completed,en:origins-to-be-completed,en:categories-to-be-completed,en:brands-completed,en:packaging-to-be-completed,en:quantity-to-be-completed,en:product-name-completed,en:photos-to-be-validated,en:packaging-photo-to-be-selected,en:nutrition-photo-selected,en:ingredients-photo-to-be-selected,en:front-photo-selected,en:photos-uploaded","To be completed,Nutrition facts completed,Ingredients to be completed,Expiration date completed,Packaging code to be completed,Characteristics to be completed,Origins to be completed,Categories to be completed,Brands completed,Packaging to be completed,Quantity to be completed,Product name completed,Photos to be validated,Packaging photo to be selected,Nutrition photo selected,Ingredients photo to be selected,Front photo selected,Photos uploaded",,,unknown,,,,en:nutrition-packaging-as-sold-100g-energy-value-in-kcal-does-not-match-value-computed-from-other-nutrients,,,0.475,1651738463,2022-05-05T08:14:23Z,,,https://images.openfoodfacts.org/images/products/000/601/235/8452/front_fr.3.400.jpg,https://images.openfoodfacts.org/images/products/000/601/235/8452/front_fr.3.200.jpg,,,https://images.openfoodfacts.org/images/products/000/601/235/8452/nutrition_fr.5.400.jpg,https://images.openfoodfacts.org/images/products/000/601/235/8452/nutrition_fr.5.200.jpg,74.6,70,74.6,,0.5,0.4,,,,,,,,,,,,,,,,,,,,,,,,,,,,,,,,,,,,3.2,3.2,,,,,,,,,,,,,,,,,,,,0.1,,,,0.28,,0.112,,,,,,,,,,,,,,,,,,,,,,,,,,,,,,,,,,,,,,,,,,,,,,,,,,,,,
0009800860036,http://world-en.openfoodfacts.org/product/0009800860036/nutella-peanut-ferrero,macrofactor,1775432489,2026-04-05T23:41:29Z,1777323109,2026-04-27T20:51:49Z,macrofactor,1777323109,2026-04-27T20:51:49Z,Nutella Peanut,,,13 oz / 371 g,,,,,"Ferrero,Nutella","xx:ferrero,xx:nutella","ferrero,nutella","Frühstücke,Gewürzmittel,Brotaufstriche,Süße Brotaufstriche,Saucen,fr:Pâtes à tartiner,Nougatcremes,Erdnusssauce","en:breakfasts,en:condiments,en:spreads,en:sweet-spreads,en:sauces,fr:pates-a-tartiner,en:chocolate-spreads,en:peanut-sauces","Breakfasts,Condiments,Spreads,Sweet spreads,Sauces,fr:Pâtes à tartiner,Chocolate spreads,Peanut sauces",,,,,,,,,,,,,,,"Safeway,Edeka,Rewe","Vereinigte Staaten von Amerika,Deutschland","en:germany,en:united-states","Germany,United States",,,,,,,,,1 serving (37 g),37,,,,,,25,e,,Fat and sauces,Dressings and sauces,en:dressings-and-sauces,"en:fats-and-sauces,en:dressings-and-sauces","Fats and sauces,Dressings and sauces","en:to-be-completed, en:nutrition-facts-completed, en:ingredients-to-be-completed, en:expiration-date-to-be-completed, en:packaging-code-to-be-completed, en:characteristics-to-be-completed, en:origins-to-be-completed, en:categories-completed, en:brands-completed, en:packaging-to-be-completed, en:quantity-completed, en:product-name-completed, en:photos-to-be-validated, en:packaging-photo-to-be-selected, en:nutrition-photo-to-be-selected, en:ingredients-photo-to-be-selected, en:front-photo-selected, en:photos-uploaded","en:to-be-completed,en:nutrition-facts-completed,en:ingredients-to-be-completed,en:expiration-date-to-be-completed,en:packaging-code-to-be-completed,en:characteristics-to-be-completed,en:origins-to-be-completed,en:categories-completed,en:brands-completed,en:packaging-to-be-completed,en:quantity-completed,en:product-name-completed,en:photos-to-be-validated,en:packaging-photo-to-be-selected,en:nutrition-photo-to-be-selected,en:ingredients-photo-to-be-selected,en:front-photo-selected,en:photos-uploaded","To be completed,Nutrition facts completed,Ingredients to be completed,Expiration date to be completed,Packaging code to be completed,Characteristics to be completed,Origins to be completed,Categories completed,Brands completed,Packaging to be completed,Quantity completed,Product name completed,Photos to be validated,Packaging photo to be selected,Nutrition photo to be selected,Ingredients photo to be selected,Front photo selected,Photos uploaded",,,unknown,"en:fat-in-high-quantity,en:saturated-fat-in-high-quantity,en:sugars-in-high-quantity,en:salt-in-moderate-quantity",368.543800625,,,,,0.5625,1777269534,2026-04-27T05:58:54Z,en:peanut-sauces,Peanut sauces,https://images.openfoodfacts.org/images/products/000/980/086/0036/front_en.4.400.jpg,https://images.openfoodfacts.org/images/products/000/980/086/0036/front_en.4.200.jpg,,,,,2259,541,2259,,35.1,10.8,,,,,,,,,,,,,,,,,,,,,,,,,,,,,,,,,,,,51.4,37.8,35.1351351351351,,,,,,,,,,,,,,,5.40540540540541,,,,13.5,,,,0.3,,0.12,,,,,,,,,,,,,,,,,,,0.410810810810811,,,,0.00189189189189189,,,,,,,,,,,,,,,,,,,,,,,,,,,,,,
0010000010329,http://world-en.openfoodfacts.org/product/0010000010329/10-nestfrische-landeier-wastlhof,tenlight,1629980651,2021-08-26T12:24:11Z,1774506759,2026-03-26T06:32:39Z,new-nutrition-bot,1774506759,2026-03-26T06:32:39Z,10 nestfrische Landeier,,,"10 Stück, 530g","Papier, Recyclingpapier","en:paper,en:recycled-paper","Paper,Recycled paper",,Wastlhof,xx:wastlhof,wastlhof,"Landwirtschaftliche Produkte, Vogeleier, Frische Eier","en:farming-products,en:eggs,en:fresh-eggs","Farming products,Eggs,Fresh eggs",Deutschland,en:germany,Germany,"Prien, Bayern","prien,bayern","Gentechnikfrei, Ohne Gentechnik, Güteklasse-a, pn:de-091364","en:no-gmos,de:ohne-gentechnik,de:güteklasse-a,pn:de-091364","No GMOs,Ohne Gentechnik,de:güteklasse-a,pn:de-091364",DE BY 17184,de-by-17184,,,,Deutschland,Rewe,"Deutschland,en:germany",en:germany,Germany,10 frische Landeier. Güteklasse A,"de:10-frische-landeier,de:güteklasse-a","en:palm-oil-content-unknown,en:vegan-status-unknown,en:vegetarian-status-unknown",,,,,,,,,0,,,,,unknown,,Fish Meat Eggs,Eggs,en:eggs,"en:fish-meat-eggs,en:eggs","Fish‚ Meat‚ Eggs,Eggs","en:to-be-completed, en:nutrition-facts-completed, en:ingredients-completed, en:expiration-date-to-be-completed, en:packaging-code-completed, en:characteristics-completed, en:origins-completed, en:categories-completed, en:brands-completed, en:packaging-completed, en:quantity-completed, en:product-name-completed, en:photos-to-be-validated, en:packaging-photo-to-be-selected, en:nutrition-photo-to-be-selected, en:ingredients-photo-selected, en:front-photo-selected, en:photos-uploaded","en:to-be-completed,en:nutrition-facts-completed,en:ingredients-completed,en:expiration-date-to-be-completed,en:packaging-code-completed,en:characteristics-completed,en:origins-completed,en:categories-completed,en:brands-completed,en:packaging-completed,en:quantity-completed,en:product-name-completed,en:photos-to-be-validated,en:packaging-photo-to-be-selected,en:nutrition-photo-to-be-selected,en:ingredients-photo-selected,en:front-photo-selected,en:photos-uploaded","To be completed,Nutrition facts completed,Ingredients completed,Expiration date to be completed,Packaging code completed,Characteristics completed,Origins completed,Categories completed,Brands completed,Packaging completed,Quantity completed,Product name completed,Photos to be validated,Packaging photo to be selected,Nutrition photo to be selected,Ingredients photo selected,Front photo selected,Photos uploaded",,95,a-plus,,530,,,,,0.975,1629981000,2021-08-26T12:30:00Z,en:fresh-eggs,Fresh eggs,https://images.openfoodfacts.org/images/products/001/000/001/0329/front_de.4.400.jpg,https://images.openfoodfacts.org/images/products/001/000/001/0329/front_de.4.200.jpg,https://images.openfoodfacts.org/images/products/001/000/001/0329/ingredients_de.7.400.jpg,https://images.openfoodfacts.org/images/products/001/000/001/0329/ingredients_de.7.200.jpg,,,,,,,,,,,,,,,,,,,,,,,,,,,,,,,,,,,,,,,,,,,,,,0,,,,,,,,,,,,,,,,,,,,,,,,,,,,,,,,,,,,,,,,,,,,,,,,,,,,,,,,,,,,,,0,,,,,,,,,,,,,,,,
00163404,http://world-en.openfoodfacts.org/product/00163404/rewe-bio,openfoodfacts-contributors,1653851752,2022-05-29T19:15:52Z,1654682085,2022-06-08T09:54:45Z,worldtest,1743628377,2025-04-02T21:12:57Z,,,,,,,,,REWE Bio,xx:rewe-bio,rewe-bio,,,,,,,,,,,,,,,,,,REWE,en:Germany,en:germany,Germany,,,,,,,,,,,,,,,,,unknown,,unknown,unknown,,,,"en:to-be-completed, en:nutrition-facts-to-be-completed, en:ingredients-to-be-completed, en:expiration-date-to-be-completed, en:packaging-code-to-be-completed, en:characteristics-to-be-completed, en:origins-to-be-completed, en:categories-to-be-completed, en:brands-completed, en:packaging-to-be-completed, en:quantity-to-be-completed, en:product-name-to-be-completed, en:photos-to-be-validated, en:packaging-photo-to-be-selected, en:nutrition-photo-to-be-selected, en:ingredients-photo-to-be-selected, en:front-photo-to-be-selected, en:photos-uploaded","en:to-be-completed,en:nutrition-facts-to-be-completed,en:ingredients-to-be-completed,en:expiration-date-to-be-completed,en:packaging-code-to-be-completed,en:characteristics-to-be-completed,en:origins-to-be-completed,en:categories-to-be-completed,en:brands-completed,en:packaging-to-be-completed,en:quantity-to-be-completed,en:product-name-to-be-completed,en:photos-to-be-validated,en:packaging-photo-to-be-selected,en:nutrition-photo-to-be-selected,en:ingredients-photo-to-be-selected,en:front-photo-to-be-selected,en:photos-uploaded","To be completed,Nutrition facts to be completed,Ingredients to be completed,Expiration date to be completed,Packaging code to be completed,Characteristics to be completed,Origins to be completed,Categories to be completed,Brands completed,Packaging to be completed,Quantity to be completed,Product name to be completed,Photos to be validated,Packaging photo to be selected,Nutrition photo to be selected,Ingredients photo to be selected,Front photo to be selected,Photos uploaded",,,unknown,,,,,1,"bottom-25-percent-scans-2022,bottom-20-percent-scans-2022,top-85-percent-scans-2022,top-90-percent-scans-2022,top-100000-de-scans-2022,top-country-de-scans-2022",0.15,1653851753,2022-05-29T19:15:53Z,,,https://images.openfoodfacts.org/images/products/000/000/016/3404/front_de.4.400.jpg,https://images.openfoodfacts.org/images/products/000/000/016/3404/front_de.4.200.jpg,,,,,,,,,,,,,,,,,,,,,,,,,,,,,,,,,,,,,,,,,,,,,,,,,,,,,,,,,,,,,,,,,,,,,,,,,,,,,,,,,,,,,,,,,,,,,,,,,,,,,,,,,,,,,,,,,,,,,,,,,,,,,,
0021200001741,http://world-en.openfoodfacts.org/product/0021200001741/mozzarella-45-fett-i-tr-rewe-bio,date-limite-app,1472812205,2016-09-02T10:30:05Z,1774491929,2026-03-26T02:25:29Z,new-nutrition-bot,1774491929,2026-03-26T02:25:29Z,Mozzarella 45% Fett i.Tr.,,,,,,,,REWE Bio,xx:rewe-bio,rewe-bio,"Milchprodukte, Fermentierte Lebensmittel, Fermentierte Milch, Käse, Italienischer Käse, Filata, Mozzarella","en:dairies,en:fermented-foods,en:fermented-milk-products,en:cheeses,en:italian-cheeses,en:stretched-curd-cheeses,en:mozzarella","Dairies,Fermented foods,Fermented milk products,Cheeses,Italian cheeses,Stretched-curd cheeses,Mozzarella",,,,,,"Bio, Naturland","en:organic,en:naturland","Organic,Naturland",,,,,,,Rewe,Deutschland,en:germany,Germany,,,,,,,,,"62,5g",62.5,,,,,,,unknown,,Milk and dairy products,Cheese,en:cheese,"en:milk-and-dairy-products,en:cheese","Milk and dairy products,Cheese","en:to-be-completed, en:nutrition-facts-completed, en:ingredients-to-be-completed, en:expiration-date-to-be-completed, en:packaging-code-to-be-completed, en:characteristics-to-be-completed, en:origins-to-be-completed, en:categories-completed, en:brands-completed, en:packaging-to-be-completed, en:quantity-to-be-completed, en:product-name-completed, en:photos-to-be-validated, en:packaging-photo-to-be-selected, en:nutrition-photo-to-be-selected, en:ingredients-photo-to-be-selected, en:front-photo-selected, en:photos-uploaded","en:to-be-completed,en:nutrition-facts-completed,en:ingredients-to-be-completed,en:expiration-date-to-be-completed,en:packaging-code-to-be-completed,en:characteristics-to-be-completed,en:origins-to-be-completed,en:categories-completed,en:brands-completed,en:packaging-to-be-completed,en:quantity-to-be-completed,en:product-name-completed,en:photos-to-be-validated,en:packaging-photo-to-be-selected,en:nutrition-photo-to-be-selected,en:ingredients-photo-to-be-selected,en:front-photo-selected,en:photos-uploaded","To be completed,Nutrition facts completed,Ingredients to be completed,Expiration date to be completed,Packaging code to be completed,Characteristics to be completed,Origins to be completed,Categories completed,Brands completed,Packaging to be completed,Quantity to be completed,Product name completed,Photos to be validated,Packaging photo to be selected,Nutrition photo to be selected,Ingredients photo to be selected,Front photo selected,Photos uploaded",,53,c,,,,,1,"bottom-25-percent-scans-2020,bottom-20-percent-scans-2020,top-85-percent-scans-2020,top-90-percent-scans-2020,top-50000-de-scans-2020,top-100000-de-scans-2020,top-country-de-scans-2020,bottom-25-percent-scans-2021,bottom-20-percent-scans-2021,top-85-percent-scans-2021,top-90-percent-scans-2021,top-100000-de-scans-2021,top-country-de-scans-2021",0.4625,1472812205,2016-09-02T10:30:05Z,en:mozzarella,Mozzarella,https://images.openfoodfacts.org/images/products/002/120/000/1741/front_de.4.400.jpg,https://images.openfoodfacts.org/images/products/002/120/000/1741/front_de.4.200.jpg,,,,,1005,,1005,,,,,,,,,,,,,,,,,,,,,,,,,,,,,,,,,,,,,,,,,,,,,,,,,,,,,,,,,,,,,,,,,,,,,,,,,,,,,,,,,,,,,,,,,,,,,,,,,,,,,,,,,,,,,,,,,,,,,,,
0021700371863,http://world-en.openfoodfacts.org/product/0021700371863,smoothie-app,1758120517,2025-09-17T14:48:37Z,1758150862,2025-09-17T23:14:22Z,fgouget,1771282410,2026-02-16T22:53:30Z,,,,,,,,,,,,Bio Schweinebratwurst Grob,de:bio-schweinebratwurst-grob,de:bio-schweinebratwurst-grob,,,,,,"Organic, Naturland, en:eu-organic","en:organic,en:eu-organic,en:naturland","Organic,EU Organic,Naturland",,,,,,,REWE,en:germany,en:germany,Germany,,,,,,,,,,,,,,,,,unknown,,unknown,unknown,,,,"en:to-be-completed, en:nutrition-facts-to-be-completed, en:ingredients-to-be-completed, en:expiration-date-completed, en:packaging-code-to-be-completed, en:characteristics-to-be-completed, en:origins-to-be-completed, en:categories-completed, en:brands-to-be-completed, en:packaging-to-be-completed, en:quantity-to-be-completed, en:product-name-to-be-completed, en:photos-to-be-validated, en:packaging-photo-to-be-selected, en:nutrition-photo-to-be-selected, en:ingredients-photo-selected, en:front-photo-selected, en:photos-uploaded","en:to-be-completed,en:nutrition-facts-to-be-completed,en:ingredients-to-be-completed,en:expiration-date-completed,en:packaging-code-to-be-completed,en:characteristics-to-be-completed,en:origins-to-be-completed,en:categories-completed,en:brands-to-be-completed,en:packaging-to-be-completed,en:quantity-to-be-completed,en:product-name-to-be-completed,en:photos-to-be-validated,en:packaging-photo-to-be-selected,en:nutrition-photo-to-be-selected,en:ingredients-photo-selected,en:front-photo-selected,en:photos-uploaded","To be completed,Nutrition facts to be completed,Ingredients to be completed,Expiration date completed,Packaging code to be completed,Characteristics to be completed,Origins to be completed,Categories completed,Brands to be completed,Packaging to be completed,Quantity to be completed,Product name to be completed,Photos to be validated,Packaging photo to be selected,Nutrition photo to be selected,Ingredients photo selected,Front photo selected,Photos uploaded",,,unknown,,,,,1,"top-75-percent-scans-2025,top-80-percent-scans-2025,top-85-percent-scans-2025,top-90-percent-scans-2025,top-100000-de-scans-2025,top-country-de-scans-2025",0.275,1758120877,2025-09-17T14:54:37Z,de:bio-schweinebratwurst-grob,de:bio-schweinebratwurst-grob,https://images.openfoodfacts.org/images/products/002/170/037/1863/front_de.3.400.jpg,https://images.openfoodfacts.org/images/products/002/170/037/1863/front_de.3.200.jpg,https://images.openfoodfacts.org/images/products/002/170/037/1863/ingredients_de.9.400.jpg,https://images.openfoodfacts.org/images/products/002/170/037/1863/ingredients_de.9.200.jpg,,,,,,,,,,,,,,,,,,,,,,,,,,,,,,,,,,,,,,,,,,,,,,,,,,,,,,,,,,,,,,,,,,,,,,,,,,,,,,,,,,,,,,,,,,,,,,,,,,,,,,,,,,,,,,,,,,,,,,,,,,,,
0028190007791,http://world-en.openfoodfacts.org/product/0028190007791/microwave-pop-corn-jolly-time,openfoodfacts-contributors,1460852023,2016-04-17T00:13:43Z,1773357523,2026-03-12T23:18:43Z,foodless,1773357523,2026-03-12T23:18:43Z,Microwave Pop Corn,,,300 g,"Pappe,Ungewellte Pappe,Karton","en:cardboard,en:non-corrugated-cardboard,en:paperboard","Cardboard,Non-corrugated cardboard,Paperboard",,Jolly Time,xx:jolly-time,jolly-time,"Snacks, Salty snacks, Popcorn, Salted popcorn","en:snacks,en:salty-snacks,en:popcorn,en:salted-popcorn","Snacks,Salty snacks,Popcorn,Salted popcorn",,,,USA,usa,No gluten,en:no-gluten,No gluten,,,,,,Deutschland,"HIT,REWE","Deutschland,Spanien,Vereinigte Staaten von Amerika","en:germany,en:spain,en:united-states","Germany,Spain,United States","Pop Corn (61%), Palm Oil, Salt, Flavouring (contains milk, mustard and soy), Colour (E160b, E160c), Flavour Enhancer (E621, E635), Emulsifier (Soy Lecithin), Antioxidant (E300, E392).","en:pop-corn,en:palm-oil,en:oil-and-fat,en:vegetable-oil-and-fat,en:palm-oil-and-fat,en:salt,en:flavouring,en:colour,en:flavour-enhancer,en:emulsifier,en:antioxidant,en:e160b,en:e160c,en:e621,en:e635,en:soya-lecithin,en:e322,en:e322i,en:e300,en:e392","en:palm-oil,en:vegan-status-unknown,en:vegetarian-status-unknown","en:milk,en:mustard,en:soybeans",,,,,1 portion (100 g),100,,7,,"en:e160b,en:e160c,en:e300,en:e322,en:e322i,en:e392,en:e621,en:e635","E160b - Annatto,E160c - Paprika extract,E300 - Ascorbic acid,E322 - Lecithins,E322i - Lecithin,E392 - Extracts of rosemary,E621 - Monosodium glutamate,E635 - Disodium 5'-ribonucleotide",26,e,4,Salty snacks,Salty and fatty products,en:salty-and-fatty-products,"en:salty-snacks,en:salty-and-fatty-products","Salty snacks,Salty and fatty products","en:to-be-completed, en:nutrition-facts-completed, en:ingredients-completed, en:expiration-date-completed, en:packaging-code-to-be-completed, en:characteristics-to-be-completed, en:origins-to-be-completed, en:categories-completed, en:brands-completed, en:packaging-completed, en:quantity-completed, en:product-name-completed, en:photos-to-be-validated, en:packaging-photo-to-be-selected, en:nutrition-photo-selected, en:ingredients-photo-selected, en:front-photo-selected, en:photos-uploaded","en:to-be-completed,en:nutrition-facts-completed,en:ingredients-completed,en:expiration-date-completed,en:packaging-code-to-be-completed,en:characteristics-to-be-completed,en:origins-to-be-completed,en:categories-completed,en:brands-completed,en:packaging-completed,en:quantity-completed,en:product-name-completed,en:photos-to-be-validated,en:packaging-photo-to-be-selected,en:nutrition-photo-selected,en:ingredients-photo-selected,en:front-photo-selected,en:photos-uploaded","To be completed,Nutrition facts completed,Ingredients completed,Expiration date completed,Packaging code to be completed,Characteristics to be completed,Origins to be completed,Categories completed,Brands completed,Packaging completed,Quantity completed,Product name completed,Photos to be validated,Packaging photo to be selected,Nutrition photo selected,Ingredients photo selected,Front photo selected,Photos uploaded",American Pop Corn Company,78,a,"en:fat-in-high-quantity,en:saturated-fat-in-high-quantity,en:sugars-in-low-quantity,en:salt-in-high-quantity",300,,,2,"top-75-percent-scans-2021,top-80-percent-scans-2021,top-85-percent-scans-2021,top-90-percent-scans-2021,top-50000-de-scans-2021,top-100000-de-scans-2021,top-country-de-scans-2021,top-75-percent-scans-2024,top-80-percent-scans-2024,top-85-percent-scans-2024,top-90-percent-scans-2024,top-500-lb-scans-2024,top-1000-lb-scans-2024,top-5000-lb-scans-2024,top-10000-lb-scans-2024,top-50000-lb-scans-2024,top-100000-lb-scans-2024,top-country-lb-scans-2024,top-500-kw-scans-2024,top-1000-kw-scans-2024,top-5000-kw-scans-2024,top-10000-kw-scans-2024,top-50000-kw-scans-2024,top-100000-kw-scans-2024",0.8875,1743350643,2025-03-30T16:04:03Z,en:salted-popcorn,Salted popcorn,https://images.openfoodfacts.org/images/products/002/819/000/7791/front_en.44.400.jpg,https://images.openfoodfacts.org/images/products/002/819/000/7791/front_en.44.200.jpg,https://images.openfoodfacts.org/images/products/002/819/000/7791/ingredients_en.32.400.jpg,https://images.openfoodfacts.org/images/products/002/819/000/7791/ingredients_en.32.200.jpg,https://images.openfoodfacts.org/images/products/002/819/000/7791/nutrition_en.46.400.jpg,https://images.openfoodfacts.org/images/products/002/819/000/7791/nutrition_en.46.200.jpg,2286.6,546,2286.6,,37,18,,,,,,,,,,,,,,,,,,,,,,,,,,,,,,,,,,,,42,0,0,,,,,,,,,,,,,,,11,,,,6.8,,,,3.05,,1.22,,,,,,,,,,,,,,,,,,,,,,,,,,,,,,,,,,,,,0,,,,,,,,,,,,,,,,
0028190007876,http://world-en.openfoodfacts.org/product/0028190007876/microwave-popcorn-butter-flavour-jolly-time,openfood-ch-import,1486501690,2017-02-07T21:08:10Z,1774463441,2026-03-25T18:30:41Z,new-nutrition-bot,1774463441,2026-03-25T18:30:41Z,Microwave PopCorn - Butter Flavour,,Microwave PopCorn - Butter Flavour,3 * 100 g (300 g),"Cardboard, Non-corrugated cardboard","en:cardboard,en:non-corrugated-cardboard","Cardboard,Non-corrugated cardboard",,Jolly Time,xx:jolly-time,jolly-time,"Snacks, Popcorn","en:snacks,en:popcorn","Snacks,Popcorn",,,,Vereinigte Staten von Amerika,vereinigte-staten-von-amerika,"No gluten, Kosher, Orthodox Union Kosher","en:no-gluten,en:kosher,en:orthodox-union-kosher","No gluten,Kosher,Orthodox Union Kosher",,,,,,Deutschland,REWE,"France,Germany,Switzerland,United States","en:france,en:germany,en:switzerland,en:united-states","France,Germany,Switzerland,United States","100% whole grain non-gmo pop corn, corn oil, palm oil, salt, natural flavor, butter (cream, salt), dry buttermilk, tbhq and ascorbic acid to preserve freshness, annatto for color,","en:non-gmo-pop-corn,en:corn-oil,en:oil-and-fat,en:vegetable-oil-and-fat,en:vegetable-oil,en:palm-oil,en:palm-oil-and-fat,en:salt,en:natural-flavouring,en:flavouring,en:butter,en:dairy,en:buttermilk,en:e319,en:ascorbic-acid-to-preserve-freshness,en:annatto-for-color,en:cream","en:palm-oil,en:non-vegan,en:vegetarian-status-unknown",en:milk,,"en:eggs,en:soybeans","en:eggs,en:soybeans","Eggs,Soybeans",2 Tbsp (34 g),34,,0,,,,22,e,4,unknown,unknown,,,,"en:to-be-completed, en:nutrition-facts-completed, en:ingredients-completed, en:expiration-date-completed, en:packaging-code-to-be-completed, en:characteristics-to-be-completed, en:origins-to-be-completed, en:categories-completed, en:brands-completed, en:packaging-completed, en:quantity-completed, en:product-name-completed, en:photos-to-be-validated, en:packaging-photo-to-be-selected, en:nutrition-photo-selected, en:ingredients-photo-selected, en:front-photo-selected, en:photos-uploaded","en:to-be-completed,en:nutrition-facts-completed,en:ingredients-completed,en:expiration-date-completed,en:packaging-code-to-be-completed,en:characteristics-to-be-completed,en:origins-to-be-completed,en:categories-completed,en:brands-completed,en:packaging-completed,en:quantity-completed,en:product-name-completed,en:photos-to-be-validated,en:packaging-photo-to-be-selected,en:nutrition-photo-selected,en:ingredients-photo-selected,en:front-photo-selected,en:photos-uploaded","To be completed,Nutrition facts completed,Ingredients completed,Expiration date completed,Packaging code to be completed,Characteristics to be completed,Origins to be completed,Categories completed,Brands completed,Packaging completed,Quantity completed,Product name completed,Photos to be validated,Packaging photo to be selected,Nutrition photo selected,Ingredients photo selected,Front photo selected,Photos uploaded",American Pop Corn Company,78,a,"en:fat-in-high-quantity,en:saturated-fat-in-high-quantity,en:sugars-in-low-quantity,en:salt-in-high-quantity",300,,,1,"bottom-25-percent-scans-2019,bottom-20-percent-scans-2019,top-85-percent-scans-2019,top-90-percent-scans-2019,top-50000-de-scans-2019,top-100000-de-scans-2019,top-country-de-scans-2019,top-50000-ch-scans-2019,top-100000-ch-scans-2019,top-75-percent-scans-2020,top-80-percent-scans-2020,top-85-percent-scans-2020,top-90-percent-scans-2020,top-50000-es-scans-2020,top-100000-es-scans-2020,top-country-es-scans-2020,top-1000-gr-scans-2020,top-5000-gr-scans-2020,top-10000-gr-scans-2020,top-50000-gr-scans-2020,top-100000-gr-scans-2020,top-50000-de-scans-2020,top-100000-de-scans-2020,bottom-25-percent-scans-2021,bottom-20-percent-scans-2021,top-85-percent-scans-2021,top-90-percent-scans-2021,top-country-fr-scans-2021,top-75-percent-scans-2025,top-80-percent-scans-2025,top-85-percent-scans-2025,top-90-percent-scans-2025,top-5000-pa-scans-2025,top-10000-pa-scans-2025,top-50000-pa-scans-2025,top-100000-pa-scans-2025,top-country-pa-scans-2025",0.8875,1593977779,2020-07-05T19:36:19Z,en:popcorn,Popcorn,https://images.openfoodfacts.org/images/products/002/819/000/7876/front_en.57.400.jpg,https://images.openfoodfacts.org/images/products/002/819/000/7876/front_en.57.200.jpg,https://images.openfoodfacts.org/images/products/002/819/000/7876/ingredients_en.21.400.jpg,https://images.openfoodfacts.org/images/products/002/819/000/7876/ingredients_en.21.200.jpg,https://images.openfoodfacts.org/images/products/002/819/000/7876/nutrition_en.20.400.jpg,https://images.openfoodfacts.org/images/products/002/819/000/7876/nutrition_en.20.200.jpg,2212,532,2212,,34.8,17.5,,,,,,,,,,,,,,,,7.35,,10.29,,,,,,,,,,,,,,,,0,0,42,0.3,0,,,,,,,,,,,,,,,8.8,,,,7.3,,,,2.4,,0.96,,0.0000882,,,,,0,,,,,,,,,,,,,,0,,0.00212,,,,,,,,,,,,,,0,,,,,,,,,,,,,,,,
00355193,http://world-en.openfoodfacts.org/product/00355193,smoothie-app,1757236570,2025-09-07T09:16:10Z,1757237924,2025-09-07T09:38:44Z,roboto-app,1771282271,2026-02-16T22:51:11Z,,,,,,,,,,,,,,,,,,,,en:nutriscore,en:nutriscore,Nutriscore,,,,,,,REWE,en:germany,en:germany,Germany,,,,,,,,,,,,,,,,,unknown,,unknown,unknown,,,,"en:to-be-completed, en:nutrition-facts-to-be-completed, en:ingredients-to-be-completed, en:expiration-date-to-be-completed, en:packaging-code-to-be-completed, en:characteristics-to-be-completed, en:origins-to-be-completed, en:categories-to-be-completed, en:brands-to-be-completed, en:packaging-to-be-completed, en:quantity-to-be-completed, en:product-name-to-be-completed, en:photos-to-be-validated, en:packaging-photo-to-be-selected, en:nutrition-photo-selected, en:ingredients-photo-selected, en:front-photo-selected, en:photos-uploaded","en:to-be-completed,en:nutrition-facts-to-be-completed,en:ingredients-to-be-completed,en:expiration-date-to-be-completed,en:packaging-code-to-be-completed,en:characteristics-to-be-completed,en:origins-to-be-completed,en:categories-to-be-completed,en:brands-to-be-completed,en:packaging-to-be-completed,en:quantity-to-be-completed,en:product-name-to-be-completed,en:photos-to-be-validated,en:packaging-photo-to-be-selected,en:nutrition-photo-selected,en:ingredients-photo-selected,en:front-photo-selected,en:photos-uploaded","To be completed,Nutrition facts to be completed,Ingredients to be completed,Expiration date to be completed,Packaging code to be completed,Characteristics to be completed,Origins to be completed,Categories to be completed,Brands to be completed,Packaging to be completed,Quantity to be completed,Product name to be completed,Photos to be validated,Packaging photo to be selected,Nutrition photo selected,Ingredients photo selected,Front photo selected,Photos uploaded",,,unknown,,,,,1,"top-75-percent-scans-2025,top-80-percent-scans-2025,top-85-percent-scans-2025,top-90-percent-scans-2025,top-100000-de-scans-2025,top-country-de-scans-2025",0.0875,1757236617,2025-09-07T09:16:57Z,,,https://images.openfoodfacts.org/images/products/000/000/035/5193/front_de.3.400.jpg,https://images.openfoodfacts.org/images/products/000/000/035/5193/front_de.3.200.jpg,https://images.openfoodfacts.org/images/products/000/000/035/5193/ingredients_de.9.400.jpg,https://images.openfoodfacts.org/images/products/000/000/035/5193/ingredients_de.9.200.jpg,https://images.openfoodfacts.org/images/products/000/000/035/5193/nutrition_de.8.400.jpg,https://images.openfoodfacts.org/images/products/000/000/035/5193/nutrition_de.8.200.jpg,,,,,,,,,,,,,,,,,,,,,,,,,,,,,,,,,,,,,,,,,,,,,,,,,,,,,,,,,,,,,,,,,,,,,,,,,,,,,,,,,,,,,,,,,,,,,,,,,,,,,,,,,,,,,,,,,,,,,,,,,,
00400367,http://world-en.openfoodfacts.org/product/00400367/weinsauerkraut-rewe-beste-wahl,kiliweb,1618323950,2021-04-13T14:25:50Z,1774500011,2026-03-26T04:40:11Z,new-nutrition-bot,1774500011,2026-03-26T04:40:11Z,Weinsauerkraut,,,,,,,,REWE Beste Wahl,xx:rewe-beste-wahl,rewe-beste-wahl,,,,,,,,,,,,,,,,,,REWE,en:de,en:germany,Germany,,,,,,,,,,,,,,,,,unknown,,unknown,unknown,,,,"en:to-be-completed, en:nutrition-facts-completed, en:ingredients-to-be-completed, en:expiration-date-to-be-completed, en:packaging-code-to-be-completed, en:characteristics-to-be-completed, en:origins-to-be-completed, en:categories-to-be-completed, en:brands-completed, en:packaging-to-be-completed, en:quantity-to-be-completed, en:product-name-completed, en:photos-to-be-validated, en:packaging-photo-to-be-selected, en:nutrition-photo-selected, en:ingredients-photo-to-be-selected, en:front-photo-selected, en:photos-uploaded","en:to-be-completed,en:nutrition-facts-completed,en:ingredients-to-be-completed,en:expiration-date-to-be-completed,en:packaging-code-to-be-completed,en:characteristics-to-be-completed,en:origins-to-be-completed,en:categories-to-be-completed,en:brands-completed,en:packaging-to-be-completed,en:quantity-to-be-completed,en:product-name-completed,en:photos-to-be-validated,en:packaging-photo-to-be-selected,en:nutrition-photo-selected,en:ingredients-photo-to-be-selected,en:front-photo-selected,en:photos-uploaded","To be completed,Nutrition facts completed,Ingredients to be completed,Expiration date to be completed,Packaging code to be completed,Characteristics to be completed,Origins to be completed,Categories to be completed,Brands completed,Packaging to be completed,Quantity to be completed,Product name completed,Photos to be validated,Packaging photo to be selected,Nutrition photo selected,Ingredients photo to be selected,Front photo selected,Photos uploaded",,,unknown,,,,en:nutrition-packaging-as-sold-100g-energy-value-in-kcal-does-not-match-value-computed-from-other-nutrients,1,"top-75-percent-scans-2024,top-80-percent-scans-2024,top-85-percent-scans-2024,top-90-percent-scans-2024,top-50000-de-scans-2024,top-100000-de-scans-2024,top-country-de-scans-2024",0.375,1618323951,2021-04-13T14:25:51Z,,,https://images.openfoodfacts.org/images/products/000/000/040/0367/front_de.3.400.jpg,https://images.openfoodfacts.org/images/products/000/000/040/0367/front_de.3.200.jpg,,,https://images.openfoodfacts.org/images/products/000/000/040/0367/nutrition_de.5.400.jpg,https://images.openfoodfacts.org/images/products/000/000/040/0367/nutrition_de.5.200.jpg,61.5,91,61.5,,0.1,0.1,,,,,,,,,,,,,,,,,,,,,,,,,,,,,,,,,,,,1.9,1.7,,,,,,,,,,,,,,,,,,,,1.5,,,,1.1,,0.44,,,,,,,,,,,,,,,,,,,,,,,,,,,,,,,,,,,,,,,,,,,,,,,,,,,,,
0040577064302,http://world-en.openfoodfacts.org/product/0040577064302/pombar-original-funny-frisch,prepperapp,1643013212,2022-01-24T08:33:32Z,1774513452,2026-03-26T08:24:12Z,new-nutrition-bot,1774513452,2026-03-26T08:24:12Z,Pombär Original,,,75 g,,,,05 PP,funny-frisch,xx:funny-frisch,funny-frisch,"Pflanzliche Lebensmittel und Getränke, Pflanzliche Lebensmittel, Imbiss, Getreide und Kartoffeln, Salzige Snacks, Vorspeisen, Chips und Pommes Frites, Chips, Kartoffelchips, Kartoffelchips mit Sonnenblumenöl","en:plant-based-foods-and-beverages,en:plant-based-foods,en:snacks,en:cereals-and-potatoes,en:salty-snacks,en:appetizers,en:chips-and-fries,en:crisps,en:potato-crisps,en:potato-crisps-in-sunflower-oil","Plant-based foods and beverages,Plant-based foods,Snacks,Cereals and potatoes,Salty snacks,Appetizers,Chips and fries,Crisps,Potato crisps,Potato crisps in sunflower oil",Deutschland,en:germany,Germany,,,"Glutenfrei, Vegetarisch, Vegan, Ohne Farbstoffzusatz, Ohne Geschmacksverstärker, Reines Pflanzenöl","en:no-gluten,en:vegetarian,en:vegan,en:no-colorings,en:no-flavour-enhancer,de:reines-pflanzenöl","No gluten,Vegetarian,Vegan,No colorings,No flavour enhancer,de:reines-pflanzenöl",,,,,,,"EDEKA,REWE,Kaufland",en:germany,en:germany,Germany,"Kartoffelpulver (31%), pflanzliche Öle (Sonnenblume, Raps), Kartoffelstärke, modifizierte Stärke (Tapioka, Kartoffel), jodiertes Speisesalz (Speisesalz, Kaliumjodat), Zucker, Speisesalz, Hefeextrakt, Emulgator (_SOJALECITHINE_), Gewürz.","en:potato,en:vegetable,en:root-vegetable,en:tuber,en:vegetable-oil,en:oil-and-fat,en:vegetable-oil-and-fat,en:potato-starch,en:starch,en:modified-starch,en:iodised-salt,en:salt,en:sugar,en:added-sugar,en:disaccharide,en:yeast-extract,en:yeast,en:emulsifier,en:herb,en:sunflower,en:plant,en:rapeseed,en:tapioca,en:e917,en:soya-lecithin,en:e322,en:e322i","en:palm-oil-free,en:vegan,en:vegetarian",,,,,,30g,30,,1,,en:e14xx,E14XX - Modified Starch,15,d,4,Salty snacks,Appetizers,en:appetizers,"en:salty-snacks,en:appetizers","Salty snacks,Appetizers","en:to-be-completed, en:nutrition-facts-completed, en:ingredients-completed, en:expiration-date-to-be-completed, en:packaging-code-to-be-completed, en:characteristics-to-be-completed, en:origins-completed, en:categories-completed, en:brands-completed, en:packaging-to-be-completed, en:quantity-completed, en:product-name-completed, en:photos-validated, en:packaging-photo-selected, en:nutrition-photo-selected, en:ingredients-photo-selected, en:front-photo-selected, en:photos-uploaded","en:to-be-completed,en:nutrition-facts-completed,en:ingredients-completed,en:expiration-date-to-be-completed,en:packaging-code-to-be-completed,en:characteristics-to-be-completed,en:origins-completed,en:categories-completed,en:brands-completed,en:packaging-to-be-completed,en:quantity-completed,en:product-name-completed,en:photos-validated,en:packaging-photo-selected,en:nutrition-photo-selected,en:ingredients-photo-selected,en:front-photo-selected,en:photos-uploaded","To be completed,Nutrition facts completed,Ingredients completed,Expiration date to be completed,Packaging code to be completed,Characteristics to be completed,Origins completed,Categories completed,Brands completed,Packaging to be completed,Quantity completed,Product name completed,Photos validated,Packaging photo selected,Nutrition photo selected,Ingredients photo selected,Front photo selected,Photos uploaded",,95,a-plus,"en:fat-in-high-quantity,en:saturated-fat-in-moderate-quantity,en:sugars-in-low-quantity,en:salt-in-moderate-quantity",75,,,1,"top-75-percent-scans-2023,top-80-percent-scans-2023,top-85-percent-scans-2023,top-90-percent-scans-2023,top-100000-de-scans-2023,top-country-de-scans-2023",0.8,1703028382,2023-12-19T23:26:22Z,en:potato-crisps-in-sunflower-oil,Potato crisps in sunflower oil,https://images.openfoodfacts.org/images/products/004/057/706/4302/front_de.4.400.jpg,https://images.openfoodfacts.org/images/products/004/057/706/4302/front_de.4.200.jpg,https://images.openfoodfacts.org/images/products/004/057/706/4302/ingredients_de.6.400.jpg,https://images.openfoodfacts.org/images/products/004/057/706/4302/ingredients_de.6.200.jpg,https://images.openfoodfacts.org/images/products/004/057/706/4302/nutrition_de.8.400.jpg,https://images.openfoodfacts.org/images/products/004/057/706/4302/nutrition_de.8.200.jpg,2142,512,2142,,28,2.5,,,,,,,,,,,,,,,,,,,,,,,,,,,,,,,,,,,,61,1.3,0.65,,,,,,,,,,,,,,,1.6,,,,3,,,,1.5,,0.6,,,,,,,,,,,,,,,,,,,,,,,,,,,,,,,,,,,,,15.3166666666666,,,,,,,,,,,,,,,,
